{"cameraMode":{"drawMode":0,"name":"Shaded","section":"Shading Mode"},"sceneLighting":true,"audioPlay":false,"sceneViewState":{"showFog":true,"showMaterialUpdate":false,"showSkybox":true,"showFlares":true,"showImageEffects":true,"showParticleSystems":true},"in2DMode":false,"pivot":{"x":23.56631088256836,"y":2.200467586517334,"z":48.50440216064453},"rotation":{"x":-0.07551338523626328,"y":0.36700743436813357,"z":-0.029907263815402986,"w":-0.9266672730445862},"size":2.9689581394195558,"orthographic":false}